<?xml version="1.0" encoding="UTF-8"?>
<metadata xml:lang="en"><Esri><CreaDate>20170529</CreaDate><CreaTime>16054900</CreaTime><ArcGISFormat>1.0</ArcGISFormat><SyncOnce>TRUE</SyncOnce><DataProperties><lineage><Process ToolSource="c:\program files (x86)\arcgis\desktop10.3\ArcToolbox\Toolboxes\Data Management Tools.tbx\CalculateField" Date="20161123" Time="122245">CalculateField clc12_Version_18_5_bcn_barios_with_legend Level1 [LABEL1] VB #</Process><Process ToolSource="c:\program files (x86)\arcgis\desktop10.3\ArcToolbox\Toolboxes\Data Management Tools.tbx\CalculateField" Date="20161123" Time="122255">CalculateField clc12_Version_18_5_bcn_barios_with_legend Level2 [LABEL2] VB #</Process><Process ToolSource="c:\program files (x86)\arcgis\desktop10.3\ArcToolbox\Toolboxes\Data Management Tools.tbx\CalculateField" Date="20161123" Time="122305">CalculateField clc12_Version_18_5_bcn_barios_with_legend Level3 [LABEL3] VB #</Process></lineage></DataProperties></Esri></metadata>
